{"cameraMode":{"drawMode":0,"name":"Shaded","section":"Shading Mode"},"sceneLighting":true,"audioPlay":false,"sceneViewState":{"showFog":true,"showMaterialUpdate":false,"showSkybox":true,"showFlares":true,"showImageEffects":true,"showParticleSystems":true},"in2DMode":false,"pivot":{"x":30.583030700683595,"y":3.1194581985473635,"z":34.92353439331055},"rotation":{"x":0.06594791263341904,"y":0.011974213644862175,"z":-0.0007824675412848592,"w":0.9977577924728394},"size":32.946659088134769,"orthographic":false}