{"cameraMode":{"drawMode":0,"name":"Shaded","section":"Shading Mode"},"sceneLighting":true,"audioPlay":false,"sceneViewState":{"showFog":true,"showMaterialUpdate":false,"showSkybox":true,"showFlares":true,"showImageEffects":true,"showParticleSystems":true},"in2DMode":false,"pivot":{"x":-209.5190887451172,"y":244.74435424804688,"z":261.9598388671875},"rotation":{"x":0.017446309328079225,"y":0.8087317943572998,"z":0.024018745869398118,"w":-0.5874302983283997},"size":361.34844970703127,"orthographic":false}